#,Date,Time,Player,Team,Cost
1,2026-07-08,15:08,Akhil Raj Edigottu,Team 1,9000
2,2026-07-08,15:10,Krishnaraja Kodavoor,Team 13,2000
3,2026-07-08,15:11,Pai R Rakshith,Team 8,7000
4,2026-07-08,15:13,S S Sathish,Team 2,3000
5,2026-07-08,15:15,G Chirag,Team 11,9500
6,2026-07-08,15:19,Puneet Manojkumar Pandit,Team 3,16000
7,2026-07-08,15:20,P Mohammed Reyhan Khan,Team 4,10500
8,2026-07-08,15:24,Varshitha Shankar,Team 3,2000
9,2026-07-08,15:25,Pranit Kulkarni,Team 9,10500
10,2026-07-08,15:26,Gokulnaath B,Team 13,9000
11,2026-07-08,15:28,Sharath Bhaskar,Team 10,10500
12,2026-07-08,15:29,Sachin Kumar,Team 13,2500
13,2026-07-08,15:32,Ajith Shenoy R,Team 12,5000
14,2026-07-08,15:34,Chellammai Chellappan,Team 14,9500
15,2026-07-08,15:36,Abdul Qayum Nishad Mujawar,Team 4,5500
16,2026-07-08,15:38,Daisy Mary Kombana Nanaiah,Team 7,9500
17,2026-07-08,15:39,Narendra Vasireddy,Team 14,5000
18,2026-07-08,15:40,Naveen Ramesh,Team 14,2000
19,2026-07-08,15:41,M Madhan,Team 10,2000
20,2026-07-08,15:43,Roopali,Team 10,6000
21,2026-07-08,15:47,Pichchi Naveen,Team 5,13500
22,2026-07-08,15:48,Siriki Ramakrishna,Team 2,9000
23,2026-07-08,15:50,Sowmya Lakkappa,Team 8,7000
24,2026-07-08,15:52,Mallikarjuna Reddy K,Team 5,3500
25,2026-07-08,15:53,Prabhu Hari Deva,Team 15,2000
26,2026-07-08,15:55,Ranjitha Devaraju,Team 1,3500
27,2026-07-08,15:56,Renuka G,Team 4,2000
28,2026-07-08,15:57,Mohammed Arbaz Khan,Team 12,9500
29,2026-07-08,15:59,Vishwal Pundalik Kakade,Team 9,5500
30,2026-07-08,16:00,Anusha S,Team 12,2500
31,2026-07-08,16:02,Rakshitha Thattekere Ravi,Team 9,2500
32,2026-07-08,16:04,Seedarala Likhith,Team 1,5000
33,2026-07-08,16:06,Vikram Singh,Team 8,3000
34,2026-07-08,16:09,Dinesh Kumar Reddy Gore,Team 15,2500
35,2026-07-08,16:12,Sivarathri Ashok Chakravarthi,Team 7,8500
36,2026-07-08,16:14,Komal Gowda,Team 6,2000
37,2026-07-08,16:17,B S Sandhyashree,Team 6,15500
38,2026-07-08,16:17,B U Shaman Bhat,Team 11,5000
39,2026-07-08,16:20,Sneha P Hiremath,Team 15,8500
40,2026-07-08,16:20,Camala Gopal Vijaya Shanti,Team 6,2000
41,2026-07-08,16:22,Saldanha Fiona Deepti,Team 2,2000
42,2026-07-08,16:23,Sowmya B S,Team 11,3500
43,2026-07-08,16:23,Soumya Jakkali,Team 5,2500
44,2026-07-08,16:24,Vani M,Team 7,2000
45,2026-07-08,16:24,Hosahalli Basavarajappa Pallavi,Team 3,2000
